{
    "node_name": "orin",
    "team_number": 1868,
    "intrinsics": [
     2002.8086,
     0,
     775.9358,
     0,
     2002.562,
     718.63245,
     0,
     0,
     1
    ],
    "dist_coeffs": [
     -2.0457072,
     -5.9755826,
     0.00022043663,
     0.00070078997,
     -6.9225006,
     -2.1543264,
     -5.654436,
     -6.376228,
     0,
     0,
     0,
     0,
     0,
     0
    ],
    "calibration_timestamp": 3431656779520,
    "camera_id": "25-99",
    "camera_number": 0,
    "reprojection_error": 0.55567116
   }
   