{
 "node_name": "orin",
 "team_number": 1868,
 "intrinsics": [
  974.1495,
  0,
  655.57086,
  0,
  974.9474,
  393.34958,
  0,
  0,
  1
 ],
 "dist_coeffs": [
  3.5901191,
  -5.7313595,
  0.0014711561,
  -0.00086787454,
  0.6025641,
  3.290644,
  -5.0966725,
  0.2518694,
  0,
  0,
  0,
  0,
  0,
  0
 ],
 "fixed_extrinsics": {
  "data": [
   -0.56871986,
   -0.10623602,
   0.8156419,
   0.10557828,
   0.8218745,
   -0.03377475,
   0.5686665,
   -0.25711372,
   -0.032864768,
   0.99376714,
   0.10652104,
   1.0056256,
   0,
   0,
   0,
   1
  ]
 },
 "calibration_timestamp": 11877728755072,
 "camera_id": "25-10",
 "camera_number": 1,
 "reprojection_error": 0.35366988
}
